#,#,#,#,#,#,#,#,#,#,#,#,#,#,#,#,#,#,#,#,#,#,#,#,#,#,#,#,#,#,#,#,#,#,#,#,#,#,#
#,P,0,0,0,1,0,#,0,0,0,0,0,0,#,0,0,0,0,0,0,#,0,0,0,0,0,0,#,0,0,0,0,0,0,0,0,0,#
#,0,#,#,#,#,0,#,0,#,#,#,#,0,#,0,#,#,#,#,0,#,0,#,#,#,#,0,#,0,#,#,#,#,#,#,0,#,#
#,0,0,0,0,#,0,0,0,#,0,0,#,0,0,0,#,0,0,#,0,0,0,#,0,0,#,0,0,0,#,0,0,0,#,0,0,0,#
#,0,#,#,0,#,#,#,0,#,0,#,#,#,#,0,#,0,#,#,#,#,0,#,0,#,#,#,#,0,#,#,#,0,#,#,#,0,#
#,0,#,0,0,0,0,#,0,#,0,0,0,0,#,0,#,0,0,0,#,0,#,0,0,0,0,#,0,0,0,0,#,0,0,#,0,0,#
#,0,#,0,#,#,0,#,0,#,#,#,#,0,#,0,#,#,#,0,#,0,#,#,#,#,0,#,#,#,#,0,#,0,#,#,#,0,#
#,0,#,0,#,0,0,#,0,0,0,0,#,0,#,0,0,0,#,0,0,0,0,#,0,0,0,0,#,0,0,0,#,0,0,0,0,0,#
#,0,#,0,#,0,#,#,#,#,#,0,#,0,#,#,#,0,#,#,#,#,0,#,#,#,#,0,#,#,#,0,#,#,#,#,#,0,#
#,0,#,0,#,0,0,0,0,0,#,0,#,0,0,0,#,0,0,0,0,#,0,0,0,#,0,0,0,0,#,0,0,0,0,#,0,0,#
#,0,#,0,#,#,#,#,0,#,0,#,#,#,0,#,#,#,#,0,#,#,#,0,#,#,#,#,0,#,#,#,#,0,#,0,#,#,#
#,0,0,0,0,0,#,0,0,#,0,0,0,#,0,0,0,0,#,0,0,0,#,0,0,0,0,#,0,0,0,#,0,#,0,0,0,0,#
#,0,#,#,#,0,#,#,#,#,#,0,#,#,#,#,0,#,#,#,#,0,#,#,#,#,0,#,#,#,#,0,#,#,#,#,#,0,#
#,0,0,0,#,0,0,0,0,0,0,0,#,0,0,0,0,0,#,0,0,0,0,0,#,0,0,0,0,0,#,0,0,0,0,#,0,0,#
#,0,#,0,#,#,#,#,#,#,0,#,#,#,#,#,#,0,#,0,#,#,#,0,#,0,#,#,#,#,#,#,#,0,#,#,#,0,#
#,0,#,0,0,0,0,0,0,#,0,0,0,0,0,0,0,#,0,0,0,#,0,0,0,#,0,0,0,0,0,0,#,0,0,0,#,0,#
#,0,#,#,#,#,#,#,0,#,#,#,#,#,#,#,0,#,#,#,0,#,#,#,0,#,#,#,#,#,#,0,#,#,#,0,#,0,#
#,0,0,0,0,0,#,0,0,0,0,0,#,0,0,0,0,0,0,0,0,0,0,#,0,0,0,0,0,#,0,0,0,0,#,0,0,0,#
#,0,#,#,#,0,#,#,#,#,0,#,#,#,#,#,#,#,#,#,#,#,0,#,#,#,#,#,#,#,0,#,#,#,#,#,#,0,#
#,0,0,0,#,0,0,0,0,#,0,0,0,0,0,#,0,0,0,0,0,#,0,0,0,0,0,#,0,0,0,0,0,#,0,0,0,0,#
#,0,#,0,#,#,#,0,#,#,#,#,#,0,#,#,#,0,#,#,0,#,#,#,0,#,#,#,#,#,0,#,#,#,0,#,#,#,#
#,0,#,0,0,0,#,0,0,0,0,0,#,0,0,0,#,0,0,0,0,0,0,#,0,0,0,#,0,0,0,#,0,0,0,#,0,0,#
#,0,#,#,#,#,#,#,#,#,#,0,#,#,#,0,#,#,#,#,#,#,0,#,#,#,0,#,#,#,#,#,0,#,#,#,#,0,#
#,0,0,0,0,0,0,0,0,0,#,0,0,0,#,0,0,0,0,0,0,#,0,0,0,#,0,0,0,0,0,#,0,0,0,0,#,0,#
#,0,#,#,#,#,#,#,#,0,#,#,#,0,#,#,#,#,#,#,0,#,#,#,0,#,#,#,#,#,0,#,#,#,#,0,#,0,#
#,0,0,0,0,0,0,0,#,0,0,0,#,0,0,0,0,0,#,0,0,0,0,#,0,0,0,0,#,0,0,0,0,#,0,0,0,0,#
#,0,#,#,#,#,#,0,#,#,#,0,#,#,#,#,#,0,#,#,#,#,0,#,#,#,#,0,#,#,#,#,0,#,#,#,#,0,#
#,0,0,0,0,0,#,0,0,0,0,0,0,0,0,0,#,0,0,0,0,#,0,0,0,0,0,#,0,0,0,0,0,0,0,#,0,0,#
#,0,#,#,#,0,#,#,#,#,#,#,#,#,#,0,#,#,#,#,0,#,#,#,#,#,#,#,#,#,0,#,#,#,0,#,#,#,#
#,0,0,0,#,0,0,0,0,0,0,0,0,#,0,0,0,0,0,#,0,0,0,0,0,0,#,0,0,0,0,0,#,0,0,0,0,0,#
#,0,#,0,#,#,#,#,#,#,#,#,0,#,#,#,#,#,0,#,#,#,#,#,#,0,#,#,#,#,#,0,#,#,#,#,#,0,#
#,0,#,0,0,0,0,0,0,0,0,#,0,0,0,0,0,#,0,0,0,0,0,#,0,0,0,0,0,#,0,0,0,0,0,#,0,0,#
#,0,#,#,#,#,#,#,#,#,0,#,#,#,#,#,0,#,#,#,#,#,0,#,#,#,#,#,0,#,#,#,#,#,0,#,#,0,#
#,0,0,0,0,0,0,0,0,#,0,0,0,0,0,#,0,0,0,0,#,0,0,0,0,#,0,0,0,0,#,0,0,0,0,#,0,0,#
#,0,#,#,#,#,#,#,0,#,#,#,#,#,0,#,#,#,0,#,#,#,#,0,#,#,#,#,0,#,#,#,#,0,#,#,#,0,#
#,0,0,0,0,0,0,#,0,0,0,0,0,#,0,0,0,#,0,0,0,0,0,#,0,0,0,#,0,0,0,0,0,#,0,0,0,0,#
#,0,#,#,#,#,0,#,#,#,#,#,0,#,#,#,0,#,#,#,#,#,0,#,#,#,0,#,#,#,#,#,0,#,#,#,#,0,#
#,0,0,0,0,#,0,0,0,0,0,0,0,0,0,0,0,0,0,0,0,0,0,0,0,0,0,0,0,0,0,0,0,0,R,0,G,0,#
#,0,#,#,#,#,#,#,#,#,#,#,#,#,#,#,#,#,#,#,#,#,#,#,#,#,#,#,#,#,#,#,#,#,#,#,#,#,#
#,0,0,0,0,0,0,0,0,0,0,0,0,0,0,0,0,0,0,0,0,0,0,0,0,0,0,0,0,0,0,0,0,0,0,B,0,Y,#
#,#,#,#,#,#,#,#,#,#,#,#,#,#,#,#,#,#,#,#,#,#,#,#,#,#,#,#,#,#,#,#,#,#,#,#,#,#,#